use proj_final_mod;

#ALUNOS
select * from alunos;
INSERT INTO alunos (CPF, NOME, SOBRENOME, DATA_NASCIMENTO, GENERO, NACIONALIDADE, BAIRRO, CIDADE, ESTADO) VALUES ('27048950855', 'nome1', 'sobrenome1', '1997-02-12', 'F', 'Brasileira', 'bairro1', 'cidade1', 'estado1');
INSERT INTO alunos (CPF, NOME, SOBRENOME, DATA_NASCIMENTO, GENERO, NACIONALIDADE, BAIRRO, CIDADE, ESTADO) VALUES ('45740967999', 'nome2', 'sobrenome2', '1986-05-16', 'M', 'Brasileira', 'bairro2', 'cidade2', 'estado2');
INSERT INTO alunos (CPF, NOME, SOBRENOME, DATA_NASCIMENTO, GENERO, NACIONALIDADE, BAIRRO, CIDADE, ESTADO) VALUES ('41847494910', 'nome3', 'sobrenome3', '1987-03-04', 'F', 'Brasileira', 'bairro3', 'cidade3', 'estado3');
INSERT INTO alunos (CPF, NOME, SOBRENOME, DATA_NASCIMENTO, GENERO, NACIONALIDADE, BAIRRO, CIDADE, ESTADO) VALUES ('35336460537', 'nome4', 'sobrenome4', '1998-03-19', 'M', 'Brasileira', 'bairro4', 'cidade4', 'estado4');
INSERT INTO alunos (CPF, NOME, SOBRENOME, DATA_NASCIMENTO, GENERO, NACIONALIDADE, BAIRRO, CIDADE, ESTADO) VALUES ('49245135182', 'nome5', 'sobrenome5', '1988-07-27', 'M', 'Brasileira', 'bairro5', 'cidade5', 'estado5');
INSERT INTO alunos (CPF, NOME, SOBRENOME, DATA_NASCIMENTO, GENERO, NACIONALIDADE, BAIRRO, CIDADE, ESTADO) VALUES ('43082200637', 'nome6', 'sobrenome6', '1993-08-16', 'F', 'Brasileira', 'bairro6', 'cidade6', 'estado6');
INSERT INTO alunos (CPF, NOME, SOBRENOME, DATA_NASCIMENTO, GENERO, NACIONALIDADE, BAIRRO, CIDADE, ESTADO) VALUES ('78583916015', 'nome7', 'sobrenome7', '1998-04-26', 'M', 'Brasileira', 'bairro7', 'cidade7', 'estado7');
INSERT INTO alunos (CPF, NOME, SOBRENOME, DATA_NASCIMENTO, GENERO, NACIONALIDADE, BAIRRO, CIDADE, ESTADO) VALUES ('5574099567', 'nome8', 'sobrenome8', '1992-10-16', 'M', 'Brasileira', 'bairro8', 'cidade8', 'estado8');
INSERT INTO alunos (CPF, NOME, SOBRENOME, DATA_NASCIMENTO, GENERO, NACIONALIDADE, BAIRRO, CIDADE, ESTADO) VALUES ('70133248861', 'nome9', 'sobrenome9', '1994-10-27', 'M', 'Brasileira', 'bairro9', 'cidade9', 'estado9');
INSERT INTO alunos (CPF, NOME, SOBRENOME, DATA_NASCIMENTO, GENERO, NACIONALIDADE, BAIRRO, CIDADE, ESTADO) VALUES ('38151354544', 'nome10', 'sobrenome10', '1989-05-10', 'F', 'Brasileira', 'bairro10', 'cidade10', 'estado10');
INSERT INTO alunos (CPF, NOME, SOBRENOME, DATA_NASCIMENTO, GENERO, NACIONALIDADE, BAIRRO, CIDADE, ESTADO) VALUES ('36812338856', 'nome11', 'sobrenome11', '1990-08-31', 'M', 'Brasileira', 'bairro11', 'cidade11', 'estado11');
INSERT INTO alunos (CPF, NOME, SOBRENOME, DATA_NASCIMENTO, GENERO, NACIONALIDADE, BAIRRO, CIDADE, ESTADO) VALUES ('73807819454', 'nome12', 'sobrenome12', '1992-10-15', 'M', 'Brasileira', 'bairro12', 'cidade12', 'estado12');
INSERT INTO alunos (CPF, NOME, SOBRENOME, DATA_NASCIMENTO, GENERO, NACIONALIDADE, BAIRRO, CIDADE, ESTADO) VALUES ('67170163840', 'nome13', 'sobrenome13', '1984-07-23', 'F', 'Brasileira', 'bairro13', 'cidade13', 'estado13');
INSERT INTO alunos (CPF, NOME, SOBRENOME, DATA_NASCIMENTO, GENERO, NACIONALIDADE, BAIRRO, CIDADE, ESTADO) VALUES ('21447355350', 'nome14', 'sobrenome14', '1984-04-18', 'M', 'Brasileira', 'bairro14', 'cidade14', 'estado14');
INSERT INTO alunos (CPF, NOME, SOBRENOME, DATA_NASCIMENTO, GENERO, NACIONALIDADE, BAIRRO, CIDADE, ESTADO) VALUES ('50018267283', 'nome15', 'sobrenome15', '1998-05-25', 'M', 'Brasileira', 'bairro15', 'cidade15', 'estado15');
INSERT INTO alunos (CPF, NOME, SOBRENOME, DATA_NASCIMENTO, GENERO, NACIONALIDADE, BAIRRO, CIDADE, ESTADO) VALUES ('93224341743', 'nome16', 'sobrenome16', '1987-10-12', 'M', 'Brasileira', 'bairro16', 'cidade16', 'estado16');
INSERT INTO alunos (CPF, NOME, SOBRENOME, DATA_NASCIMENTO, GENERO, NACIONALIDADE, BAIRRO, CIDADE, ESTADO) VALUES ('17529555065', 'nome17', 'sobrenome17', '1991-07-08', 'M', 'Brasileira', 'bairro17', 'cidade17', 'estado17');
INSERT INTO alunos (CPF, NOME, SOBRENOME, DATA_NASCIMENTO, GENERO, NACIONALIDADE, BAIRRO, CIDADE, ESTADO) VALUES ('23347646827', 'nome18', 'sobrenome18', '1993-03-07', 'F', 'Brasileira', 'bairro18', 'cidade18', 'estado18');
INSERT INTO alunos (CPF, NOME, SOBRENOME, DATA_NASCIMENTO, GENERO, NACIONALIDADE, BAIRRO, CIDADE, ESTADO) VALUES ('20717424657', 'nome19', 'sobrenome19', '1996-03-13', 'M', 'Brasileira', 'bairro19', 'cidade19', 'estado19');
INSERT INTO alunos (CPF, NOME, SOBRENOME, DATA_NASCIMENTO, GENERO, NACIONALIDADE, BAIRRO, CIDADE, ESTADO) VALUES ('14716532020', 'nome20', 'sobrenome20', '1989-12-09', 'F', 'Brasileira', 'bairro20', 'cidade20', 'estado20');
INSERT INTO alunos (CPF, NOME, SOBRENOME, DATA_NASCIMENTO, GENERO, NACIONALIDADE, BAIRRO, CIDADE, ESTADO) VALUES ('49103180592', 'nome21', 'sobrenome21', '1985-01-11', 'M', 'Brasileira', 'bairro21', 'cidade21', 'estado21');
INSERT INTO alunos (CPF, NOME, SOBRENOME, DATA_NASCIMENTO, GENERO, NACIONALIDADE, BAIRRO, CIDADE, ESTADO) VALUES ('13805077401', 'nome22', 'sobrenome22', '1988-09-21', 'F', 'Brasileira', 'bairro22', 'cidade22', 'estado22');
INSERT INTO alunos (CPF, NOME, SOBRENOME, DATA_NASCIMENTO, GENERO, NACIONALIDADE, BAIRRO, CIDADE, ESTADO) VALUES ('45673806115', 'nome23', 'sobrenome23', '1997-08-18', 'M', 'Brasileira', 'bairro23', 'cidade23', 'estado23');
INSERT INTO alunos (CPF, NOME, SOBRENOME, DATA_NASCIMENTO, GENERO, NACIONALIDADE, BAIRRO, CIDADE, ESTADO) VALUES ('97628598568', 'nome24', 'sobrenome24', '1993-06-09', 'F', 'Brasileira', 'bairro24', 'cidade24', 'estado24');
INSERT INTO alunos (CPF, NOME, SOBRENOME, DATA_NASCIMENTO, GENERO, NACIONALIDADE, BAIRRO, CIDADE, ESTADO) VALUES ('68960602499', 'nome25', 'sobrenome25', '1996-02-04', 'M', 'Brasileira', 'bairro25', 'cidade25', 'estado25');
INSERT INTO alunos (CPF, NOME, SOBRENOME, DATA_NASCIMENTO, GENERO, NACIONALIDADE, BAIRRO, CIDADE, ESTADO) VALUES ('17177464078', 'nome26', 'sobrenome26', '1996-10-17', 'F', 'Brasileira', 'bairro26', 'cidade26', 'estado26');
INSERT INTO alunos (CPF, NOME, SOBRENOME, DATA_NASCIMENTO, GENERO, NACIONALIDADE, BAIRRO, CIDADE, ESTADO) VALUES ('30642159947', 'nome27', 'sobrenome27', '1987-05-29', 'F', 'Brasileira', 'bairro27', 'cidade27', 'estado27');
INSERT INTO alunos (CPF, NOME, SOBRENOME, DATA_NASCIMENTO, GENERO, NACIONALIDADE, BAIRRO, CIDADE, ESTADO) VALUES ('54064447294', 'nome28', 'sobrenome28', '1992-08-28', 'M', 'Brasileira', 'bairro28', 'cidade28', 'estado28');

#CURSOS
select * from cursos;
INSERT INTO cursos (NOME, DESCRICAO, VALOR, DURACAO_MESES) VALUES ('curso1', 'descricaoCurso1', 16000, 5);
INSERT INTO cursos (NOME, DESCRICAO, VALOR, DURACAO_MESES) VALUES ('curso2', 'descricaoCurso2', 17000, 5);
INSERT INTO cursos (NOME, DESCRICAO, VALOR, DURACAO_MESES) VALUES ('curso3', 'descricaoCurso3', 18000, 6);

#DEPARTAMENTOS
select * from departamentos;
INSERT INTO departamentos (NOME, CATEGORIA) VALUES ('docencia', 'docencia');
INSERT INTO departamentos (NOME, CATEGORIA) VALUES ('rh', 'administrativo');
INSERT INTO departamentos (NOME, CATEGORIA) VALUES ('ti', 'administrativo');
INSERT INTO departamentos (NOME, CATEGORIA) VALUES ('financeiro', 'administrativo');

#CARGOS
select * from cargos;
INSERT INTO cargos (NOME, ID_DEPARTAMENTO, DESCRICAO) VALUES ('cargo1', 1, 'junior');
INSERT INTO cargos (NOME, ID_DEPARTAMENTO, DESCRICAO) VALUES ('cargo2', 1, 'pleno');
INSERT INTO cargos (NOME, ID_DEPARTAMENTO, DESCRICAO) VALUES ('cargo3', 1, 'senior');
INSERT INTO cargos (NOME, ID_DEPARTAMENTO, DESCRICAO) VALUES ('cargo4', 2, 'assistente');
INSERT INTO cargos (NOME, ID_DEPARTAMENTO, DESCRICAO) VALUES ('cargo5', 2, 'analista');
INSERT INTO cargos (NOME, ID_DEPARTAMENTO, DESCRICAO) VALUES ('cargo6', 3, 'tecnico');
INSERT INTO cargos (NOME, ID_DEPARTAMENTO, DESCRICAO) VALUES ('cargo7', 4, 'assistente');
INSERT INTO cargos (NOME, ID_DEPARTAMENTO, DESCRICAO) VALUES ('cargo8', 4, 'analista');

#EQUIPE
select * from equipe;
INSERT INTO equipe (CPF, NOME, SOBRENOME, ID_CARGO, DATA_ENTRADA, DATA_SAIDA) VALUES ('63582838192', 'nome1', 'sobrenome1', 3, '2020-05-10', NULL);
INSERT INTO equipe (CPF, NOME, SOBRENOME, ID_CARGO, DATA_ENTRADA, DATA_SAIDA) VALUES ('71198988607', 'nome2', 'sobrenome2', 1, '2020-01-24', NULL);
INSERT INTO equipe (CPF, NOME, SOBRENOME, ID_CARGO, DATA_ENTRADA, DATA_SAIDA) VALUES ('81559616763', 'nome3', 'sobrenome3', 2, '2020-07-23', NULL);
INSERT INTO equipe (CPF, NOME, SOBRENOME, ID_CARGO, DATA_ENTRADA, DATA_SAIDA) VALUES ('93648892584', 'nome4', 'sobrenome4', 1, '2021-06-05', NULL);
INSERT INTO equipe (CPF, NOME, SOBRENOME, ID_CARGO, DATA_ENTRADA, DATA_SAIDA) VALUES ('22928913896', 'nome5', 'sobrenome5', 1, '2019-06-23', NULL);
INSERT INTO equipe (CPF, NOME, SOBRENOME, ID_CARGO, DATA_ENTRADA, DATA_SAIDA) VALUES ('51875656984', 'nome6', 'sobrenome6', 2, '2020-07-22', NULL);
INSERT INTO equipe (CPF, NOME, SOBRENOME, ID_CARGO, DATA_ENTRADA, DATA_SAIDA) VALUES ('30987625876', 'nome7', 'sobrenome7', 3, '2020-03-30', NULL);
INSERT INTO equipe (CPF, NOME, SOBRENOME, ID_CARGO, DATA_ENTRADA, DATA_SAIDA) VALUES ('29783603592', 'nome8', 'sobrenome8', 3, '2019-04-21', NULL);
INSERT INTO equipe (CPF, NOME, SOBRENOME, ID_CARGO, DATA_ENTRADA, DATA_SAIDA) VALUES ('62492867579', 'nome9', 'sobrenome9', 2, '2019-02-05', NULL);
INSERT INTO equipe (CPF, NOME, SOBRENOME, ID_CARGO, DATA_ENTRADA, DATA_SAIDA) VALUES ('71310647622', 'nome10', 'sobrenome10', 3, '2020-03-26', '2022-02-01');
INSERT INTO equipe (CPF, NOME, SOBRENOME, ID_CARGO, DATA_ENTRADA, DATA_SAIDA) VALUES ('61126813514', 'nome11', 'sobrenome11', 3, '2019-05-04', '2022-03-01');

#PROF_CURSO
select * from prof_curso;
INSERT INTO prof_curso (MATRICULA, ID_CURSO) VALUES (1, 1);
INSERT INTO prof_curso (MATRICULA, ID_CURSO) VALUES (1, 2);
INSERT INTO prof_curso (MATRICULA, ID_CURSO) VALUES (2, 1);
INSERT INTO prof_curso (MATRICULA, ID_CURSO) VALUES (3, 1);
INSERT INTO prof_curso (MATRICULA, ID_CURSO) VALUES (3, 2);
INSERT INTO prof_curso (MATRICULA, ID_CURSO) VALUES (4, 2);
INSERT INTO prof_curso (MATRICULA, ID_CURSO) VALUES (5, 2);
INSERT INTO prof_curso (MATRICULA, ID_CURSO) VALUES (6, 3);
INSERT INTO prof_curso (MATRICULA, ID_CURSO) VALUES (7, 2);
INSERT INTO prof_curso (MATRICULA, ID_CURSO) VALUES (7, 3);
INSERT INTO prof_curso (MATRICULA, ID_CURSO) VALUES (8, 3);
INSERT INTO prof_curso (MATRICULA, ID_CURSO) VALUES (9, 1);
INSERT INTO prof_curso (MATRICULA, ID_CURSO) VALUES (9, 2);
INSERT INTO prof_curso (MATRICULA, ID_CURSO) VALUES (10, 1);
INSERT INTO prof_curso (MATRICULA, ID_CURSO) VALUES (10, 2);
INSERT INTO prof_curso (MATRICULA, ID_CURSO) VALUES (11, 2);
INSERT INTO prof_curso (MATRICULA, ID_CURSO) VALUES (11, 3);

#TURMAS
select * from turmas;
INSERT INTO turmas (NOME, MATRICULA, ID_CURSO, DATA_INICIO, DATA_FIM) VALUES ('turma1', 1, 1, '2022-04-01', '2022-08-30');
INSERT INTO turmas (NOME, MATRICULA, ID_CURSO, DATA_INICIO, DATA_FIM) VALUES ('turma2', 1, 1, '2022-06-01', '2022-10-30');
INSERT INTO turmas (NOME, MATRICULA, ID_CURSO, DATA_INICIO, DATA_FIM) VALUES ('turma3', 1, 1, '2022-06-01', '2022-10-30');
INSERT INTO turmas (NOME, MATRICULA, ID_CURSO, DATA_INICIO, DATA_FIM) VALUES ('turma4', 2, 1, '2022-07-01', '2022-11-30');
INSERT INTO turmas (NOME, MATRICULA, ID_CURSO, DATA_INICIO, DATA_FIM) VALUES ('turma5', 3, 1, '2022-07-01', '2022-11-30');
INSERT INTO turmas (NOME, MATRICULA, ID_CURSO, DATA_INICIO, DATA_FIM) VALUES ('turma6', 3, 2, '2022-09-01', '2023-01-30');
INSERT INTO turmas (NOME, MATRICULA, ID_CURSO, DATA_INICIO, DATA_FIM) VALUES ('turma7', 4, 2, '2022-09-01', '2023-01-30');
INSERT INTO turmas (NOME, MATRICULA, ID_CURSO, DATA_INICIO, DATA_FIM) VALUES ('turma8', 5, 2, '2022-10-01', '2023-02-28');
INSERT INTO turmas (NOME, MATRICULA, ID_CURSO, DATA_INICIO, DATA_FIM) VALUES ('turma9', 6, 3, '2022-10-01', '2023-02-28');
INSERT INTO turmas (NOME, MATRICULA, ID_CURSO, DATA_INICIO, DATA_FIM) VALUES ('turma10', 6, 3, '2022-10-01', '2023-02-28');

#INSCRICOES
select * from inscricoes;
INSERT INTO inscricoes (CPF, ID_TURMA, TIPO_PAGAMENTO) VALUES ('27048950855', 1, 'A vista debito');
INSERT INTO inscricoes (CPF, ID_TURMA, TIPO_PAGAMENTO) VALUES ('45740967999', 1, 'A vista dinheiro');
INSERT INTO inscricoes (CPF, ID_TURMA, TIPO_PAGAMENTO) VALUES ('41847494910', 1, 'Prazo 12x');
INSERT INTO inscricoes (CPF, ID_TURMA, TIPO_PAGAMENTO) VALUES ('35336460537', 2, 'A vista debito');
INSERT INTO inscricoes (CPF, ID_TURMA, TIPO_PAGAMENTO) VALUES ('49245135182', 2, 'Prazo 12x');
INSERT INTO inscricoes (CPF, ID_TURMA, TIPO_PAGAMENTO) VALUES ('43082200637', 2, 'A vista debito');
INSERT INTO inscricoes (CPF, ID_TURMA, TIPO_PAGAMENTO) VALUES ('78583916015', 3, 'A vista debito');
INSERT INTO inscricoes (CPF, ID_TURMA, TIPO_PAGAMENTO) VALUES ('5574099567', 3, 'A vista debito');
INSERT INTO inscricoes (CPF, ID_TURMA, TIPO_PAGAMENTO) VALUES ('70133248861', 3, 'Prazo 6x');
INSERT INTO inscricoes (CPF, ID_TURMA, TIPO_PAGAMENTO) VALUES ('38151354544', 4, 'Prazo 12x');
INSERT INTO inscricoes (CPF, ID_TURMA, TIPO_PAGAMENTO) VALUES ('36812338856', 4, 'A vista debito');
INSERT INTO inscricoes (CPF, ID_TURMA, TIPO_PAGAMENTO) VALUES ('73807819454', 4, 'Prazo 12x');
INSERT INTO inscricoes (CPF, ID_TURMA, TIPO_PAGAMENTO) VALUES ('67170163840', 5, 'A vista dinheiro');
INSERT INTO inscricoes (CPF, ID_TURMA, TIPO_PAGAMENTO) VALUES ('21447355350', 5, 'Prazo 12x');
INSERT INTO inscricoes (CPF, ID_TURMA, TIPO_PAGAMENTO) VALUES ('50018267283', 5, 'Prazo 6x');
INSERT INTO inscricoes (CPF, ID_TURMA, TIPO_PAGAMENTO) VALUES ('93224341743', 6, 'A vista dinheiro');
INSERT INTO inscricoes (CPF, ID_TURMA, TIPO_PAGAMENTO) VALUES ('17529555065', 6, 'Prazo 6x');
INSERT INTO inscricoes (CPF, ID_TURMA, TIPO_PAGAMENTO) VALUES ('23347646827', 6, 'A vista dinheiro');
INSERT INTO inscricoes (CPF, ID_TURMA, TIPO_PAGAMENTO) VALUES ('20717424657', 7, 'Prazo 6x');
INSERT INTO inscricoes (CPF, ID_TURMA, TIPO_PAGAMENTO) VALUES ('14716532020', 7, 'A vista dinheiro');
INSERT INTO inscricoes (CPF, ID_TURMA, TIPO_PAGAMENTO) VALUES ('49103180592', 7, 'Prazo 12x');
INSERT INTO inscricoes (CPF, ID_TURMA, TIPO_PAGAMENTO) VALUES ('13805077401', 8, 'A vista dinheiro');
INSERT INTO inscricoes (CPF, ID_TURMA, TIPO_PAGAMENTO) VALUES ('45673806115', 8, 'A vista dinheiro');
INSERT INTO inscricoes (CPF, ID_TURMA, TIPO_PAGAMENTO) VALUES ('97628598568', 8, 'A vista debito');
INSERT INTO inscricoes (CPF, ID_TURMA, TIPO_PAGAMENTO) VALUES ('68960602499', 9, 'A vista dinheiro');
INSERT INTO inscricoes (CPF, ID_TURMA, TIPO_PAGAMENTO) VALUES ('17177464078', 9, 'A vista debito');
INSERT INTO inscricoes (CPF, ID_TURMA, TIPO_PAGAMENTO) VALUES ('30642159947', 9, 'A vista dinheiro');
INSERT INTO inscricoes (CPF, ID_TURMA, TIPO_PAGAMENTO) VALUES ('54064447294', 10, 'Prazo 6x');
INSERT INTO inscricoes (CPF, ID_TURMA, TIPO_PAGAMENTO) VALUES ('27048950855', 10, 'Prazo 12x');
INSERT INTO inscricoes (CPF, ID_TURMA, TIPO_PAGAMENTO) VALUES ('45740967999', 10, 'Prazo 12x');

#AVALIACOES
select * from avaliacoes;
INSERT INTO avaliacoes (ID_TURMA, NOTA_CURSO, OPCAO_CURSO, COMENTARIO_CURSO, NOTA_FACILITADOR, COMENTARIO_FACILITADOR) VALUES (1, 9, 'Conteudo', 'comentarioCurso1', 6, 'comentarioFacilitador1');
INSERT INTO avaliacoes (ID_TURMA, NOTA_CURSO, OPCAO_CURSO, COMENTARIO_CURSO, NOTA_FACILITADOR, COMENTARIO_FACILITADOR) VALUES (1, 7, 'Conteudo', 'comentarioCurso2', 10, 'comentarioFacilitador2');
INSERT INTO avaliacoes (ID_TURMA, NOTA_CURSO, OPCAO_CURSO, COMENTARIO_CURSO, NOTA_FACILITADOR, COMENTARIO_FACILITADOR) VALUES (1, 7, 'Conteudo', 'comentarioCurso3', 6, 'comentarioFacilitador3');
INSERT INTO avaliacoes (ID_TURMA, NOTA_CURSO, OPCAO_CURSO, COMENTARIO_CURSO, NOTA_FACILITADOR, COMENTARIO_FACILITADOR) VALUES (2, 7, 'Conteudo', 'comentarioCurso4', 8, 'comentarioFacilitador4');
INSERT INTO avaliacoes (ID_TURMA, NOTA_CURSO, OPCAO_CURSO, COMENTARIO_CURSO, NOTA_FACILITADOR, COMENTARIO_FACILITADOR) VALUES (2, 9, 'Conteudo', 'comentarioCurso5', 8, 'comentarioFacilitador5');
INSERT INTO avaliacoes (ID_TURMA, NOTA_CURSO, OPCAO_CURSO, COMENTARIO_CURSO, NOTA_FACILITADOR, COMENTARIO_FACILITADOR) VALUES (2, 8, 'Plataforma', 'comentarioCurso6', 8, 'comentarioFacilitador6');
INSERT INTO avaliacoes (ID_TURMA, NOTA_CURSO, OPCAO_CURSO, COMENTARIO_CURSO, NOTA_FACILITADOR, COMENTARIO_FACILITADOR) VALUES (3, 7, 'Plataforma', 'comentarioCurso7', 9, 'comentarioFacilitador7');
INSERT INTO avaliacoes (ID_TURMA, NOTA_CURSO, OPCAO_CURSO, COMENTARIO_CURSO, NOTA_FACILITADOR, COMENTARIO_FACILITADOR) VALUES (3, 10, 'Exemplos', 'comentarioCurso8', 8, 'comentarioFacilitador8');
INSERT INTO avaliacoes (ID_TURMA, NOTA_CURSO, OPCAO_CURSO, COMENTARIO_CURSO, NOTA_FACILITADOR, COMENTARIO_FACILITADOR) VALUES (3, 8, 'Plataforma', 'comentarioCurso9', 8, 'comentarioFacilitador9');
INSERT INTO avaliacoes (ID_TURMA, NOTA_CURSO, OPCAO_CURSO, COMENTARIO_CURSO, NOTA_FACILITADOR, COMENTARIO_FACILITADOR) VALUES (4, 6, 'Conteudo', 'comentarioCurso10', 2, 'comentarioFacilitador10');
INSERT INTO avaliacoes (ID_TURMA, NOTA_CURSO, OPCAO_CURSO, COMENTARIO_CURSO, NOTA_FACILITADOR, COMENTARIO_FACILITADOR) VALUES (4, 10, 'Plataforma', 'comentarioCurso11', 5, 'comentarioFacilitador11');
INSERT INTO avaliacoes (ID_TURMA, NOTA_CURSO, OPCAO_CURSO, COMENTARIO_CURSO, NOTA_FACILITADOR, COMENTARIO_FACILITADOR) VALUES (4, 10, 'Exemplos', 'comentarioCurso12', 3, 'comentarioFacilitador12');
INSERT INTO avaliacoes (ID_TURMA, NOTA_CURSO, OPCAO_CURSO, COMENTARIO_CURSO, NOTA_FACILITADOR, COMENTARIO_FACILITADOR) VALUES (5, 8, 'Plataforma', 'comentarioCurso13', 10, 'comentarioFacilitador13');
INSERT INTO avaliacoes (ID_TURMA, NOTA_CURSO, OPCAO_CURSO, COMENTARIO_CURSO, NOTA_FACILITADOR, COMENTARIO_FACILITADOR) VALUES (5, 7, 'Plataforma', 'comentarioCurso14', 8, 'comentarioFacilitador14');
INSERT INTO avaliacoes (ID_TURMA, NOTA_CURSO, OPCAO_CURSO, COMENTARIO_CURSO, NOTA_FACILITADOR, COMENTARIO_FACILITADOR) VALUES (5, 10, 'Plataforma', 'comentarioCurso15', 10, 'comentarioFacilitador15');
INSERT INTO avaliacoes (ID_TURMA, NOTA_CURSO, OPCAO_CURSO, COMENTARIO_CURSO, NOTA_FACILITADOR, COMENTARIO_FACILITADOR) VALUES (6, 3, 'Conteudo', 'comentarioCurso16', 8, 'comentarioFacilitador16');
INSERT INTO avaliacoes (ID_TURMA, NOTA_CURSO, OPCAO_CURSO, COMENTARIO_CURSO, NOTA_FACILITADOR, COMENTARIO_FACILITADOR) VALUES (6, 5, 'Plataforma', 'comentarioCurso17', 7, 'comentarioFacilitador17');
INSERT INTO avaliacoes (ID_TURMA, NOTA_CURSO, OPCAO_CURSO, COMENTARIO_CURSO, NOTA_FACILITADOR, COMENTARIO_FACILITADOR) VALUES (6, 2, 'Conteudo', 'comentarioCurso18', 7, 'comentarioFacilitador18');
INSERT INTO avaliacoes (ID_TURMA, NOTA_CURSO, OPCAO_CURSO, COMENTARIO_CURSO, NOTA_FACILITADOR, COMENTARIO_FACILITADOR) VALUES (7, 4, 'Conteudo', 'comentarioCurso19', 10, 'comentarioFacilitador19');
INSERT INTO avaliacoes (ID_TURMA, NOTA_CURSO, OPCAO_CURSO, COMENTARIO_CURSO, NOTA_FACILITADOR, COMENTARIO_FACILITADOR) VALUES (7, 1, 'Exemplos', 'comentarioCurso20', 8, 'comentarioFacilitador20');
INSERT INTO avaliacoes (ID_TURMA, NOTA_CURSO, OPCAO_CURSO, COMENTARIO_CURSO, NOTA_FACILITADOR, COMENTARIO_FACILITADOR) VALUES (7, 3, 'Plataforma', 'comentarioCurso21', 6, 'comentarioFacilitador21');
INSERT INTO avaliacoes (ID_TURMA, NOTA_CURSO, OPCAO_CURSO, COMENTARIO_CURSO, NOTA_FACILITADOR, COMENTARIO_FACILITADOR) VALUES (8, 1, 'Exemplos', 'comentarioCurso22', 4, 'comentarioFacilitador22');
INSERT INTO avaliacoes (ID_TURMA, NOTA_CURSO, OPCAO_CURSO, COMENTARIO_CURSO, NOTA_FACILITADOR, COMENTARIO_FACILITADOR) VALUES (8, 3, 'Conteudo', 'comentarioCurso23', 1, 'comentarioFacilitador23');
INSERT INTO avaliacoes (ID_TURMA, NOTA_CURSO, OPCAO_CURSO, COMENTARIO_CURSO, NOTA_FACILITADOR, COMENTARIO_FACILITADOR) VALUES (8, 3, 'Conteudo', 'comentarioCurso24', 5, 'comentarioFacilitador24');
INSERT INTO avaliacoes (ID_TURMA, NOTA_CURSO, OPCAO_CURSO, COMENTARIO_CURSO, NOTA_FACILITADOR, COMENTARIO_FACILITADOR) VALUES (9, 6, 'Plataforma', 'comentarioCurso25', 6, 'comentarioFacilitador25');
INSERT INTO avaliacoes (ID_TURMA, NOTA_CURSO, OPCAO_CURSO, COMENTARIO_CURSO, NOTA_FACILITADOR, COMENTARIO_FACILITADOR) VALUES (9, 8, 'Exemplos', 'comentarioCurso26', 8, 'comentarioFacilitador26');
INSERT INTO avaliacoes (ID_TURMA, NOTA_CURSO, OPCAO_CURSO, COMENTARIO_CURSO, NOTA_FACILITADOR, COMENTARIO_FACILITADOR) VALUES (9, 10, 'Conteudo', 'comentarioCurso27', 6, 'comentarioFacilitador27');
INSERT INTO avaliacoes (ID_TURMA, NOTA_CURSO, OPCAO_CURSO, COMENTARIO_CURSO, NOTA_FACILITADOR, COMENTARIO_FACILITADOR) VALUES (10, 10, 'Plataforma', 'comentarioCurso28', 7, 'comentarioFacilitador28');
INSERT INTO avaliacoes (ID_TURMA, NOTA_CURSO, OPCAO_CURSO, COMENTARIO_CURSO, NOTA_FACILITADOR, COMENTARIO_FACILITADOR) VALUES (10, 9, 'Conteudo', 'comentarioCurso29', 10, 'comentarioFacilitador29');
INSERT INTO avaliacoes (ID_TURMA, NOTA_CURSO, OPCAO_CURSO, COMENTARIO_CURSO, NOTA_FACILITADOR, COMENTARIO_FACILITADOR) VALUES (10, 7, 'Conteudo', 'comentarioCurso30', 7, 'comentarioFacilitador30');

#MODULOS
select * from modulos;
INSERT INTO modulos (NOME, DESCRICAO, DURACAO_DIAS) VALUES ('modulo1', 'descricaoModulo1', 21);
INSERT INTO modulos (NOME, DESCRICAO, DURACAO_DIAS) VALUES ('modulo2', 'descricaoModulo2', 21);
INSERT INTO modulos (NOME, DESCRICAO, DURACAO_DIAS) VALUES ('modulo3', 'descricaoModulo3', 21);
INSERT INTO modulos (NOME, DESCRICAO, DURACAO_DIAS) VALUES ('modulo4', 'descricaoModulo4', 21);
INSERT INTO modulos (NOME, DESCRICAO, DURACAO_DIAS) VALUES ('modulo5', 'descricaoModulo5', 22);
INSERT INTO modulos (NOME, DESCRICAO, DURACAO_DIAS) VALUES ('modulo6', 'descricaoModulo6', 21);

